,GEOID,City,total,total_workforce,total_income,pct_of_wf_in_weapons,estimated_income_from_weapons
0,4827000,Fort Worth,8496,471629,29588042200,0.018014159434640364,533003709.54966724
1,4804000,Arlington,2192,211697,12027569500,0.010354421649810815,124538526.02540424
2,4830464,Grand Prairie,1033,102512,5782475800,0.010076869049477135,58269251.41837054
3,4819000,Dallas,936,695667,49043707300,0.0013454713246423935,65986901.82630482
4,4807552,Benbrook,649,12785,1036639400,0.050762612436448966,52622524.098552994
5,4846452,Mansfield,585,38101,2977802900,0.015353927718432588,45720970.48633894
6,4838632,Keller,517,23429,3036907700,0.02206666951214307,67014438.55478254
7,4811428,Burleson,432,24460,1609770100,0.017661488143908423,28430935.535568275
8,4876864,Weatherford,418,15169,1103070900,0.02755620014503263,30396442.494561274
9,4852356,North Richland Hills,404,38466,2800700200,0.010502781677325431,29415142.74424167
10,4864112,Saginaw,345,12132,812331300,0.028437190900098913,23100420.252225522
11,4837000,Irving,314,141231,8648119000,0.00222330791398489,19227431.413783092
12,4878544,White Settlement,298,8857,446252800,0.03364570396296714,15014489.601445183
13,4807132,Bedford,274,27807,1929412900,0.009853633977056136,19011728.507210415
14,4824768,Euless,274,35723,2194538300,0.00767012848864877,16832390.734260842
15,4830644,Grapevine,241,31369,2639458200,0.007682744110427492,20278281.94076955
16,4815988,Colleyville,229,13206,2158520300,0.017340602756322883,37430043.063758895
17,4835576,Hurst,215,20767,1296151200,0.01035296383685655,13419006.500698222
18,4805168,Azle,214,6439,481369900,0.033234974374902936,15998316.291349588
19,4858016,Plano,208,157253,14567206100,0.0013227092646881141,19268178.46909121
20,4831928,Haltom City,191,22954,1086477100,0.008320989805698353,9040564.87322471
21,4817960,Crowley,188,9386,513607500,0.020029831664180694,10287471.766460687
22,4826232,Flower Mound,174,41114,4543316100,0.004232135039159411,19227927.26078708
23,4845744,McKinney,171,99861,8839153500,0.0017123802084898008,15135991.513203353
24,4869032,Southlake,168,13658,3043169400,0.012300483233269878,37432454.18069995
25,4813024,Carrollton,159,79658,5558032400,0.0019960330412513495,11094016.314745536
26,4879492,Willow Park,144,2479,217584500,0.05808793868495361,12639035.094796289
27,4827684,Frisco,142,102512,11134698800,0.0013852036834712035,15423825.792102389
28,4819972,Denton,138,79105,4501793700,0.0017445167814929524,7853454.656469249
29,4876672,Watauga,130,13572,699686500,0.009578544061302681,6701977.969348659
30,4842508,Lewisville,124,65965,3840809500,0.0018797847343288107,7219895.065565072
31,4801744,Aledo,124,2270,206537900,0.05462555066079295,11282246.519823788
32,4813492,Cedar Hill,104,25341,1600813900,0.004104021151493627,6569774.105205004
33,4835254,Hudson Oaks,98,1053,97806400,0.09306742640075974,9102589.933523268
34,4848096,Midlothian,97,18018,1435556300,0.005383505383505384,7728325.06937507
35,4829000,Garland,97,129153,6730746300,0.0007510472075755112,5055108.213514204
36,4801924,Allen,96,56024,4964694100,0.001713551335142082,8507258.203627018
37,4861568,Rendon,95,6935,608121500,0.0136986301369863,8330431.506849315
38,4876816,Waxahachie,79,20578,1261218500,0.0038390514141315966,4841882.665953931
39,4815364,Cleburne,73,13859,786739700,0.005267335305577603,4144021.7981095314
40,4810192,Briar,73,2711,175450600,0.026927333087421616,4724416.746587975
41,4803336,Annetta,72,1610,162104600,0.04472049689440994,7249398.260869565
42,4878076,Westworth Village,66,1284,96926100,0.0514018691588785,4982182.710280374
43,4840744,Lakeside,66,805,62705200,0.08198757763975155,5141047.453416149
44,4861796,Richardson,62,64523,5019248000,0.0009608976643987415,4822983.680238054
45,4816612,Coppell,58,23990,2712065200,0.0024176740308461857,6556889.604001666
46,4843012,Little Elm,58,25639,1776039000,0.0022621787121182573,4017717.6176917977
47,4838080,Joshua,57,3973,240920500,0.01434684117795117,3456448.150012585
48,4856462,Pecan Acres,56,2030,218522600,0.027586206896551724,6028209.655172414
49,4820092,DeSoto,56,31003,1862539600,0.001806276811921427,3364262.0907654096
50,4826544,Forest Hill,55,6132,264022800,0.008969341161121983,2368110.567514677
51,4841056,Lake Worth,54,2760,191046700,0.01956521739130435,3737870.2173913047
52,4872530,The Colony,53,27259,2147370600,0.0019443119703584136,4175158.362375729
53,4847892,Mesquite,50,77151,3754309300,0.0006480797397311766,2433091.7940143356
54,4830416,Granbury,49,4437,415137000,0.01104349785891368,4584564.570655849
55,4862384,River Oaks,49,3654,193109600,0.013409961685823755,2589592.3371647513
56,4861844,Richland Hills,48,5068,291847900,0.009471191791633781,2764147.434885557
57,4838896,Kennedale,48,4822,337657200,0.009954375777685608,3361166.652841145
58,4821628,Duncanville,43,18946,1122048300,0.0022696083606038213,2546610.202681305
59,4825452,Farmers Branch,42,21686,1405389100,0.001936733376371853,2721863.9767591995
60,4865000,San Antonio,41,734718,40997447400,5.5803723333306115e-05,2287810.21208137
61,4856498,Pecan Plantation,40,2574,353516800,0.01554001554001554,5493656.565656566
62,4841212,Lancaster,39,20549,1048508800,0.0018979025743345176,1989967.5507323958
63,4863572,Rowlett,38,35350,2428696200,0.001074964639321075,2610762.5346534653
64,4869800,Springtown,38,1765,80075400,0.02152974504249292,1724002.9461756374
65,4822588,Edgecliff Village,37,1727,123116800,0.021424435437174292,2637707.9328314997
66,4861604,Reno,36,1286,85972500,0.027993779160186624,2406695.1788491444
67,4805000,Austin,36,582046,45862883600,6.185078155334801e-05,2836655.194950227
68,4861196,Red Oak,35,7608,481635400,0.004600420609884332,2215725.4206098844
69,4880356,Wylie,35,31644,2006825600,0.001106054860321072,2219659.2086967514
70,4801000,Abilene,34,62132,3437579700,0.0005472220433914891,1881119.387755102
71,4808860,Blue Mound,33,1169,56647900,0.028229255774165955,1599128.0581693756
72,4824912,Everman,30,2648,135242200,0.011329305135951661,1532200.1510574017
73,4862828,Rockwall,29,25411,2164917600,0.0011412380465152887,2470686.3326905672
74,4816696,Corinth,28,12363,1043897100,0.002264822454096902,2364241.5918466393
75,4856640,Pelican Bay,28,701,35270000,0.039942938659058486,1408787.446504993
76,4859696,Prosper,27,13864,1680863800,0.0019474899019042123,3273465.2769763414
77,4864064,Sachse,27,15593,1369668000,0.0017315462066311807,2371643.429744116
78,4833848,Highland Village,26,8670,966896400,0.0029988465974625142,2899573.979238754
79,4824348,Ennis,25,10912,550492100,0.0022910557184750734,1261208.073680352
80,4835000,Houston,25,1196566,81591507700,2.0893122485512707e-05,1704701.3641537533
81,4813075,Carter,24,883,39272500,0.027180067950169876,1067429.2185730464
82,4829972,Godley,24,828,48085600,0.028985507246376812,1393785.5072463767
83,4829840,Glenn Heights,23,8335,446510600,0.0027594481103779245,1232122.8314337132
84,4873710,Trophy Club,23,6877,878819700,0.0033444816053511705,2939196.3210702343
85,4838548,Keene,22,2961,129814000,0.007429922323539345,964507.9365079366
86,4875236,Venus,22,1646,95930600,0.013365735115431349,1282182.9890643985
87,4817648,Cresson,22,517,31924300,0.0425531914893617,1358480.8510638298
88,4819570,DeCordova,21,1317,154298800,0.015945330296127564,2460345.3302961276
89,4832720,Haslet,20,1288,159098200,0.015527950310559006,2470468.944099379
90,4855020,Pantego,19,1291,112755400,0.01471727343144849,1659452.052672347
91,4862504,Roanoke,18,5288,457842600,0.00340393343419062,1558465.7337367623
92,4841404,Lantana,18,5377,668960400,0.0033475915938255534,2239406.2116421796
93,4803340,Annetta North,17,279,47990100,0.06093189964157706,2924127.9569892474
94,4825224,Fairview,17,4276,568625300,0.003975678203928906,2260671.211412535
95,4834865,Horseshoe Bend,17,109,20649500,0.1559633027522936,3220564.2201834866
96,4877620,Westlake,17,565,209305200,0.03008849557522124,6297678.584070796
97,4850256,Nacogdoches,16,16297,717649500,0.0009817757869546543,704570.9026201142
98,4805372,Balch Springs,15,13336,557249900,0.0011247750449910018,626780.7813437312
99,4815976,College Station,15,59768,3337706900,0.00025097041895328606,837665.6990362736
100,4803342,Annetta South,15,409,38945800,0.03667481662591687,1428330.0733496333
101,4876000,Waco,15,65110,3344901400,0.00023037935800952235,770596.2371371525
102,4867496,Sherman,15,21343,1141488200,0.0007028065407862062,802245.3731902732
103,4863782,Runaway Bay,15,766,68631100,0.0195822454308094,1343951.044386423
104,4819924,Dennis,14,398,42678800,0.035175879396984924,1501264.3216080402
105,4839148,Killeen,14,74529,3743196200,0.00018784634169249554,703145.7124072509
106,4850100,Murphy,13,10483,930597300,0.0012401030239435277,1154036.5258036822
107,4839928,Krum,13,3148,186045200,0.004129606099110546,768293.3926302413
108,4871156,Sunnyvale,13,4251,407037300,0.0030581039755351682,1244762.385321101
109,4872176,Temple,13,36743,2361011000,0.0003538088887679286,835346.6782788559
110,4809640,Bowie,13,2257,134403000,0.0057598582188746125,774142.2241914045
111,4877490,Western Lake,13,650,22937500,0.02,458750.0
112,4826604,Forney,12,12530,771012500,0.0009577015163607343,738399.8403830806
113,4801240,Addison,12,11502,845052700,0.0010432968179447052,881640.7929055816
114,4802260,Alvarado,12,1995,105412800,0.006015037593984963,634061.9548872181
115,4847496,Melissa,12,6987,541336900,0.0017174753112924003,929732.760841563
116,4803300,Anna,12,8489,497991500,0.0014135940629049358,703957.8277771233
117,4833476,Hickory Creek,12,3359,214903400,0.003572491813039595,767740.6370943733
118,4813684,Celina,11,8665,819966600,0.0012694748990190422,1040927.0167339874
119,4872581,The Homesteads,11,1526,68166200,0.007208387942332897,491368.4141546527
120,4854444,Ovilla,11,1878,172051800,0.005857294994675187,1007758.1469648563
121,4854872,Paloma Creek South,11,4266,296503800,0.0025785278949835913,764543.3192686357
122,4843888,Longview,11,39366,2389503900,0.0002794289488390997,667696.5630239293
123,4819084,Dalworthington Gardens,11,1225,154324400,0.008979591836734694,1385770.1224489796
124,4874144,Tyler,10,52941,3295933200,0.00018888951852061729,622567.2352241174
125,4859576,Princeton,10,9061,524773500,0.0011036309458117206,579156.2741419269
126,4845072,Lufkin,10,16076,817575800,0.0006220452848967405,508569.17143568053
127,4835528,Huntsville,10,17605,759947800,0.0005680204487361545,431665.89037205337
128,4852212,Northlake,9,3101,238790200,0.0029022895840051595,693038.3102225089
129,4874492,University Park,9,11319,2657626000,0.0007951232441028359,2113140.2067320435
130,4819900,Denison,9,11402,623632900,0.000789335204350114,492255.4025609542
131,4877788,Westover Hills,9,252,129900100,0.03571428571428571,4639289.285714285
132,4871540,Sweetwater,9,4843,229345000,0.001858352260995251,426203.7992979558
133,4879000,Wichita Falls,9,51976,2711128500,0.00017315684161920886,469450.44828382327
134,4866428,Seagoville,9,7424,380782500,0.0012122844827586207,461616.7160560345
135,4804600,Aubrey,8,2879,169870400,0.0027787426189649182,472026.12018061825
136,4804672,Aurora,8,668,52823900,0.011976047904191617,632621.5568862276
137,4810264,Bridgeport,8,2887,145343000,0.0027710426047800486,402751.6453065466
138,4865408,Sanger,8,4798,282427100,0.0016673614005835765,470908.0450187578
139,4802284,Alvord,8,561,30866600,0.0142602495543672,440165.4188948306
140,4840516,Lake Dallas,7,4134,245299000,0.0016932752781809385,415358.73246250604
141,4825572,Fate,7,8912,664870400,0.0007854578096947936,522227.64811490127
142,4829876,Glen Rose,7,1295,88924500,0.005405405405405406,480672.972972973
143,4817060,Corsicana,7,11544,541627700,0.0006063756063756063,328429.825017325
144,4832984,Heath,7,4302,860919100,0.0016271501627150163,1400844.6536494654
145,4816540,Cool,7,71,4077600,0.09859154929577464,402016.9014084507
146,4819528,Decatur,7,3344,251972600,0.0020933014354066986,527454.6052631579
147,4859748,Providence Village,7,3704,242321700,0.0018898488120950325,457951.37688984885
148,4866000,Savannah,6,3494,304506400,0.0017172295363480253,522907.3840870063
149,4850920,New Fairview,6,725,40327000,0.008275862068965517,333740.6896551724
150,4848684,Mineral Wells,6,6841,349192200,0.00087706475661453,306264.1719046923
151,4810216,Briaroaks,6,319,31092500,0.018808777429467086,584811.9122257053
152,4830512,Grandview,6,895,54150800,0.0067039106145251395,363022.12290502794
153,4805768,Bartonville,6,811,121430600,0.007398273736128237,898376.8187422935
154,4858664,Ponder,6,1465,83299700,0.004095563139931741,341159.180887372
155,4828068,Galveston,6,26609,1786278000,0.0002254876169717013,402783.5694689767
156,4817917,Cross Timber,6,223,11759700,0.026905829596412557,316404.48430493276
157,4817000,Corpus Christi,5,156436,9488718800,3.196195249175382e-05,303277.9794932113
158,4864472,San Angelo,5,52681,3036942600,9.491087868491487e-05,288238.8906816499
159,4870208,Stephenville,5,10474,508707600,0.0004773725415314111,242843.03990834448
160,4812562,Canyon Creek,5,433,28472700,0.011547344110854504,328784.064665127
161,4871264,Sunset,5,246,12151100,0.02032520325203252,246973.57723577236
162,4860632,Ranger,5,1146,51002100,0.004363001745200698,222522.2513089005
163,4838332,Justin,5,2548,211125500,0.0019623233908948193,414296.50706436415
164,4863668,Royse City,5,7090,468708500,0.0007052186177715092,330541.9605077574
165,4810912,Bryan,5,41382,2285303500,0.00012082547967715432,276122.8915953796
166,4803000,Amarillo,5,99612,6106105300,5.0194755651929485e-05,306494.4635184516
167,4872392,Texas City,5,24851,1503546400,0.00020119914691561706,302512.25302804715
168,4863500,Round Rock,5,67741,4732631400,7.381054309797611e-05,349318.093916535
169,4848564,Millsap,5,173,10339500,0.028901734104046242,298829.4797687861
170,4813552,Cedar Park,5,40754,3587705700,0.00012268734357363695,440166.08185699565
171,4857476,Pilot Point,5,2387,127586800,0.0020946795140343527,267253.45622119814
172,4853212,Oak Trail Shores,5,1209,55315500,0.0041356492969396195,228765.5086848635
173,4830392,Graham,5,4331,257466900,0.0011544677903486493,297237.2431309167
174,4829336,Georgetown,5,28902,2787446500,0.00017299840841464257,482223.808040966
175,4861700,Rhome,4,992,56444200,0.004032258064516129,227597.58064516127
176,4855152,Parker,4,2359,314012400,0.001695633743111488,532450.0211954218
177,4871756,Talty,4,1174,105599200,0.0034071550255536627,359792.84497444634
178,4807492,Belton,4,10311,633745800,0.0003879352148191252,245852.31306371838
179,4825488,Farmersville,4,1187,86948200,0.003369839932603201,293001.5164279697
180,4815796,Cockrell Hill,4,2040,85150900,0.00196078431372549,166962.54901960783
181,4816636,Copper Canyon,4,1053,135500000,0.003798670465337132,514719.8480531814
182,4872284,Terrell,4,8353,420000500,0.00047886986711361186,201125.58362265053
183,4868624,Snyder,4,5047,287246000,0.0007925500297206261,227656.82583713095
184,4855080,Paris,4,11551,549519400,0.0003462903644706086,190293.27330967016
185,4846776,Marshall,4,10342,548134100,0.00038677238445175013,212003.13285631404
186,4830920,Greenville,4,13629,732713300,0.00029349181891554773,215045.3591606134
187,4809748,Boyd,4,803,43069700,0.0049813200498132005,214543.9601494396
188,4817504,Crandall,4,1996,122168900,0.002004008016032064,244827.45490981961
189,4850772,Newark,4,513,27272200,0.007797270955165692,212648.73294346977
190,4829036,Garrett,4,463,19818700,0.008639308855291577,171219.87041036718
191,4816624,Copperas Cove,4,17210,970477900,0.00023242300987797793,225561.39453805928
192,4867100,Shady Shores,4,1422,134738300,0.0028129395218002813,379010.68917018286
193,4845012,Lucas,4,4094,585353700,0.0009770395701025891,571913.72740596
194,4848804,Missouri City,4,39447,2842600400,0.00010140188100489264,288245.02750526025
195,4856348,Pearland,4,63864,5447462800,6.26330953275711e-05,341191.45684579737
196,4865660,Sansom Park,4,2415,111734200,0.0016563146997929607,185066.99792960662
197,4843132,Livingston,4,2919,127413200,0.0013703323055841042,174598.42411784857
198,4827984,Gainesville,4,8646,392108100,0.0004626416840157298,181405.5517002082
199,4865066,Sanctuary,4,125,9523400,0.032,304748.8
200,4854744,Palmer,4,1374,59343100,0.002911208151382824,172760.11644832607
201,4846740,Marlin,3,1863,89659600,0.001610305958132045,144379.38808373592
202,4825752,Ferris,3,1327,65155600,0.002260738507912585,147299.7739261492
203,4839952,Kyle,3,24638,1486405400,0.0001217631301241984,180989.37413751116
204,4803372,Anson,3,827,45109000,0.0036275695284159614,163636.0338573156
205,4841464,Laredo,3,112007,5397862000,2.6784040283196585e-05,144576.5532511361
206,4845672,McGregor,3,2586,143662600,0.001160092807424594,166661.94895591648
207,4841980,League City,3,59227,5338644800,5.065257399496851e-05,270416.1007648539
208,4842016,Leander,3,31631,2671313900,9.484366602383737e-05,253357.2033764345
209,4817852,Cross Roads,3,717,80086600,0.0041841004184100415,335090.3765690376
210,4815472,Clifton,3,1608,92484000,0.0018656716417910447,172544.776119403
211,4859420,Preston,3,1168,58025500,0.0025684931506849314,149038.09931506848
212,4870808,Sugar Land,3,57158,6039395400,5.2486091185835757e-05,316984.25767171703
213,4832978,Heartland,3,3787,192609800,0.0007921837866385001,152582.3607076842
214,4839124,Kilgore,3,6269,349843800,0.0004785452225235285,167416.0791194768
215,4863176,Roscoe,3,680,34537700,0.004411764705882353,152372.20588235295
216,4829012,Garner,3,237,16312500,0.012658227848101266,206487.3417721519
217,4833824,Highland Park,3,3901,1417301300,0.0007690335811330429,1089952.2942835172
218,4834676,Hondo,3,3005,150195900,0.0009983361064891847,149945.99001663894
219,4817429,Coyote Flats,3,162,10370400,0.018518518518518517,192044.44444444444
220,4874924,Van Alstyne,3,2172,130907200,0.0013812154696132596,180811.0497237569
221,4877662,West Livingston,3,1499,123119700,0.0020013342228152103,246403.66911274186
222,4809328,Bonham,3,3420,232887000,0.0008771929824561404,204286.84210526317
223,4821028,Double Oak,3,1367,162101500,0.0021945866861741038,355745.7937088515
224,4816468,Converse,3,13666,852206900,0.00021952290355627103,187078.9331186887
225,4816432,Conroe,3,44795,3063744500,6.697176024109834e-05,205184.3620939837
226,4803768,Argyle,3,2540,300320600,0.0011811023622047244,354709.3700787402
227,4816240,Commerce,3,4423,166699900,0.0006782726656115759,113067.98553018314
228,4831715,Hackberry,3,1498,103725800,0.0020026702269692926,207728.57142857145
229,4857176,Pflugerville,2,37912,2604487800,5.275374551593163e-05,137396.48660054864
230,4854868,Paloma Creek,2,1803,96821000,0.0011092623405435386,107399.88907376595
231,4804462,Atascocita,2,43951,3261149200,4.550522172419285e-05,148399.31742167415
232,4849800,Mount Pleasant,2,7540,326988000,0.0002652519893899204,86734.21750663129
233,4845000,Lubbock,2,133078,7766583300,1.5028780113918153e-05,116722.27265212883
234,4806244,Bear Creek Ranch,2,1535,87125000,0.0013029315960912053,113517.91530944625
235,4854432,Overton,2,1246,57145600,0.0016051364365971107,91726.48475120385
236,4856000,Pasadena,2,74907,3857031600,2.669977438690643e-05,102981.87352316872
237,4859108,Potosi,2,2516,164327900,0.000794912559618442,130626.31160572339
238,4853115,Oak Leaf,2,917,96237700,0.0021810250817884407,209896.8375136314
239,4806128,Baytown,2,38582,2132224700,5.183764449743404e-05,110529.50598724795
240,4805180,Bacliff,2,5187,273656300,0.000385579332947754,105516.21361095045
241,4847760,Meridian,2,768,45373000,0.0026041666666666665,118158.85416666666
242,4846440,Manor,2,6781,361187400,0.0002949417490045716,106529.2434744138
243,4844162,Lost Creek,2,506,87926200,0.003952569169960474,347534.3873517786
244,4864268,Salado,2,1122,105307900,0.0017825311942959,187714.61675579322
245,4805336,Baird,2,885,45661000,0.0022598870056497176,103188.70056497176
246,4837072,Italy,2,1059,51044900,0.0018885741265344666,96402.07743153919
247,4865564,San Leon,2,2678,174144000,0.0007468259895444362,130055.2651232263
248,4833578,Hideaway,2,1175,162799600,0.001702127659574468,277105.7021276596
249,4802044,Alma,2,229,17794100,0.008733624454148471,155406.98689956332
250,4835492,Huntington,2,1535,66781700,0.0013029315960912053,87011.98697068404
251,4810897,Brushy Creek,2,12865,1079335000,0.00015546055188495918,167794.01476875241
252,4835180,Hubbard,2,534,29038000,0.003745318352059925,108756.55430711611
253,4812580,Canyon Lake,2,13982,1237343200,0.00014304105278214847,176990.8739808325
254,4822132,Eastland,2,1470,117037100,0.0013605442176870747,159234.14965986394
255,4873112,Tioga,2,626,35240000,0.003194888178913738,112587.85942492013
256,4873268,Tolar,2,599,32732800,0.00333889816360601,109291.48580968281
257,4833428,Hewitt,2,8040,511855300,0.0002487562189054726,127327.18905472636
258,4837084,Itasca,2,740,30410100,0.002702702702702703,82189.45945945947
259,4833212,Henderson,2,5263,355087200,0.0003800114003420103,134937.18411552347
260,4825104,Fairfield,2,1328,78761000,0.0015060240963855422,118615.9638554217
261,4832312,Harker Heights,2,16498,1013570000,0.0001212268153715602,122871.86325615227
262,4831964,Hamlin,2,871,41164400,0.002296211251435132,94522.15843857636
263,4810132,Breckenridge,2,2309,126136100,0.0008661758336942399,109256.04157644001
264,4825168,Fair Oaks Ranch,2,4347,748363400,0.00046008741660915573,344312.58339084423
265,4829660,Gladewater,2,2683,135819600,0.0007454342154304882,101244.57696608274
266,4829168,Gatesville,2,3530,233508000,0.0005665722379603399,132299.15014164304
267,4835612,Hutchins,2,1480,72356000,0.0013513513513513514,97778.37837837839
268,4835228,Hudson,2,2190,116463900,0.0009132420091324201,106359.72602739725
269,4837216,Jacksonville,2,6271,273820100,0.0003189284005740711,87329.0065380322
270,4840588,Lake Jackson,2,14535,1118564000,0.00013759889920880633,153913.17509459922
271,4816192,Comanche,2,1841,94166600,0.0010863661053775121,102299.40249864203
272,4842352,Leonard,2,1088,62629000,0.001838235294117647,115126.83823529411
273,4841800,Lavon,2,2698,176028500,0.0007412898443291327,130488.13936249074
274,4879576,Wilmer,2,2783,102156300,0.0007186489399928135,73414.51670858785
275,4841050,Lakewood Village,2,358,37408100,0.00558659217877095,208983.79888268159
276,4810780,Brownwood,2,9326,457681800,0.0002144542140253056,98151.79069268712
277,4838476,Katy,2,11379,966721900,0.00017576236927673784,169913.33157570963
278,4838488,Kaufman,2,3285,168901600,0.0006088280060882801,102832.02435312026
279,4804408,Aspermont,1,520,23098600,0.0019230769230769232,44420.38461538462
280,4801648,Albany,1,754,43770000,0.001326259946949602,58050.39787798408
281,4880296,Wortham,1,469,28924100,0.0021321961620469083,61671.85501066098
282,4880224,Woodway,1,4239,466840000,0.00023590469450342062,110129.74758197689
283,4875308,Vernon,1,5166,224672300,0.00019357336430507162,43490.57297715834
284,4875764,Von Ormy,1,500,23872200,0.002,47744.4
285,4876096,Wake Village,1,3048,192032400,0.00032808398950131233,63002.75590551181
286,4861892,Richmond,1,5659,289005000,0.00017670966601873123,51069.97702774342
287,4879972,Wolfforth,1,2863,176203300,0.00034928396786587494,61544.98777506112
288,4879792,Winnie,1,909,57262800,0.0011001100110011,62995.37953795379
289,4862408,Riverside,1,270,21763200,0.003703703703703704,80604.44444444445
290,4803288,Angus,1,215,10730900,0.004651162790697674,49911.16279069767
291,4862108,Riesel,1,785,43102700,0.0012738853503184713,54907.89808917197
292,4879624,Wimberley,1,1752,128197300,0.0005707762557077625,73171.97488584474
293,4878664,Whitney,1,894,44251000,0.0011185682326621924,49497.76286353468
294,4878436,White Oak,1,3055,199104000,0.0003273322422258593,65173.15875613748
295,4878388,Whitehouse,1,4693,269769500,0.00021308331557639036,57483.37950138504
296,4877416,West Columbia,1,1957,100053600,0.000510986203372509,51126.009197751664
297,4863188,Rosebud,1,614,28245700,0.0016286644951140066,46002.7687296417
298,4874732,Valley Mills,1,647,26452700,0.0015455950540958269,40885.16228748068
299,4871732,Talco,1,195,8696700,0.005128205128205128,44598.46153846154
300,4865648,San Saba,1,1032,51125800,0.0009689922480620155,49540.50387596899
301,4866089,Scenic Oaks,1,3982,507237800,0.00025113008538422905,127382.6720241085
302,4867010,Shadybrook,1,978,67193600,0.0010224948875255625,68705.11247443763
303,4868456,Smithville,1,2123,137119900,0.0004710315591144607,64587.80028261894
304,4869020,South Houston,1,7836,328752900,0.00012761613067891782,41954.1730474732
305,4869908,Stafford,1,9956,562542500,0.0001004419445560466,56502.86259541984
306,4864184,St. Jo,1,338,20076200,0.0029585798816568047,59397.041420118345
307,4864172,St. Hedwig,1,984,91198800,0.0010162601626016261,92681.70731707317
308,4803564,Appleby,1,244,14664400,0.004098360655737705,60100.0
309,4870406,Stockton Bend,1,192,42741800,0.005208333333333333,222613.54166666666
310,4863848,Rusk,1,1504,93031000,0.0006648936170212766,61855.71808510638
311,4803696,Archer City,1,768,50559200,0.0013020833333333333,65832.29166666666
312,4874408,Universal City,1,10409,645029300,9.607070804111827e-05,61968.42155826689
313,4872656,The Woodlands,1,55649,7786550500,1.796977483872127e-05,139922.55925533254
314,4872788,Thornton,1,233,12457400,0.004291845493562232,53465.23605150214
315,4863464,Rotan,1,563,29067500,0.0017761989342806395,51629.66252220249
316,4863332,Rosharon,1,848,48387500,0.0011792452830188679,57060.73113207547
317,4873328,Tom Bean,1,419,26127900,0.002386634844868735,62357.75656324583
318,4863284,Rosenberg,1,18802,966187900,5.318583129454313e-05,51387.50664822891
319,4873424,Tow,1,40,6295500,0.025,157387.5
320,4865600,San Marcos,1,37797,1425959600,2.645712622694923e-05,37726.79313173003
321,4873592,Trenton,1,370,22004500,0.002702702702702703,59471.62162162163
322,4862672,Rockdale,1,2670,167971500,0.0003745318352059925,62910.67415730337
323,4874048,Tuscola,1,311,16637200,0.003215434083601286,53495.81993569132
324,4804504,Athens,1,5538,368619700,0.00018057060310581438,66561.88154568436
325,4814692,Chilton,1,461,102534700,0.0021691973969631237,222418.0043383948
326,4861508,Reklaw,1,160,9290100,0.00625,58063.125
327,4832972,Hearne,1,2141,96055500,0.00046707146193367583,44864.7828117702
328,4826736,Fort Hood,1,16869,518946500,5.928033671231253e-05,30763.323255676092
329,4827420,Freeport,1,4757,226020900,0.00021021652301870928,47513.32772755939
330,4827648,Friendswood,1,20801,2071319300,4.8074611797509735e-05,99577.87125618961
331,4810648,Brookside Village,1,730,49070700,0.0013698630136986301,67220.13698630137
332,4830056,Goldthwaite,1,891,57566800,0.001122334455667789,64609.203142536484
333,4830308,Gorman,1,522,17462300,0.0019157088122605363,33452.681992337166
334,4830380,Graford,1,307,15883100,0.003257328990228013,51736.48208469056
335,4810336,Bristol,1,297,17605600,0.003367003367003367,59278.114478114476
336,4831592,Gun Barrel City,1,2509,207518800,0.00039856516540454366,82709.76484655241
337,4832696,Haskell,1,1324,128158000,0.0007552870090634441,96796.07250755288
338,4834220,Hitchcock,1,3368,225105600,0.0002969121140142518,66836.57957244656
339,4861040,Redfield,1,76,36929200,0.013157894736842105,485910.52631578944
340,4834856,Hornsby Bend,1,5425,341807300,0.00018433179723502304,63005.95391705069
341,4834862,Horseshoe Bay,1,1817,277297700,0.000550357732526142,152612.93340671435
342,4835084,Howe,1,1793,86123900,0.0005577244841048522,48033.40769659788
343,4835204,Huckabay,1,156,5888100,0.00641025641025641,37744.230769230766
344,4835348,Humble,1,9048,411609000,0.00011052166224580017,45491.71087533156
345,4835480,Hunters Creek Village,1,1878,722775600,0.0005324813631522897,384864.5367412141
346,4835624,Hutto,1,16200,918828600,6.17283950617284e-05,56717.81481481482
347,4837168,Jacksboro,1,1302,90973500,0.0007680491551459293,69872.11981566821
348,4837612,Jersey Village,1,4264,376769900,0.00023452157598499062,88360.67073170732
349,4838068,Josephine,1,1302,88218900,0.0007680491551459293,67756.45161290323
350,4826680,Fort Clark Springs,1,568,49446100,0.0017605633802816902,87052.99295774648
351,4810960,Bryson,1,329,17373500,0.00303951367781155,52806.990881458965
352,4826004,Flat,1,173,12483700,0.005780346820809248,72160.11560693641
353,4811464,Burnet,1,3123,209453600,0.0003202049311559398,67068.07556836374
354,4815916,Coleman,1,1832,87090800,0.0005458515283842794,47538.6462882096
355,4816120,Colorado City,1,1882,90914700,0.0005313496280552603,48307.49202975557
356,4816552,Coolidge,1,334,17839600,0.0029940119760479044,53411.976047904194
357,4817540,Cranfills Gap,1,98,5022500,0.01020408163265306,51249.99999999999
358,4817811,Cross Mountain,1,2026,266256400,0.0004935834155972359,131419.74333662388
359,4817816,Cross Plains,1,460,22851200,0.002173913043478261,49676.52173913043
360,4817948,Crowell,1,216,11665100,0.004629629629629629,54005.09259259259
361,4813108,Carthage,1,2722,188737800,0.0003673769287288758,69337.91329904481
362,4819120,Danbury,1,618,48888600,0.0016181229773462784,79107.76699029126
363,4819672,De Leon,1,1030,40815200,0.000970873786407767,39626.40776699029
364,4820308,Diboll,1,1660,79879600,0.0006024096385542169,48120.24096385542
365,4820344,Dickinson,1,10698,737722900,9.347541596560104e-05,68958.95494484951
366,4820464,Dimmitt,1,2238,103646800,0.00044682752457551384,46312.24307417337
367,4820540,DISH,1,277,24976300,0.0036101083032490976,90167.14801444043
368,4821484,Dublin,1,1601,100916600,0.0006246096189881324,63033.47907557776
369,4812532,Canyon,1,7973,418080800,0.00012542330364981815,52437.07512855889
370,4821904,Early,1,1520,81960300,0.0006578947368421052,53921.25
371,4812040,Cameron,1,2103,116561400,0.00047551117451260106,55426.2482168331
372,4822660,Edinburg,1,45416,2293724500,2.201867183371499e-05,50504.767042452004
373,4822905,El Cenizo,1,871,27119100,0.001148105625717566,31135.591274397244
374,4811940,Callender Lake,1,370,46399500,0.002702702702702703,125404.05405405407
375,4809160,Boerne,1,8325,686897400,0.00012012012012012012,82510.1981981982
376,4838776,Kemah,1,1052,83518000,0.0009505703422053232,79389.73384030418
377,4808236,Big Spring,1,10719,640806000,9.329228472805298e-05,59782.25580744472
378,4845804,McLendon-Chisholm,1,1802,222962000,0.0005549389567147614,123730.29966703663
379,4846584,Marble Falls,1,3535,193868900,0.0002828854314002829,54842.6874115983
380,4846824,Mart,1,758,41838000,0.0013192612137203166,55195.250659630605
381,4846848,Martindale,1,461,31496100,0.0021691973969631237,68321.25813449024
382,4847268,Maypearl,1,522,26802800,0.0019157088122605363,51346.360153256705
383,4847337,Meadows Place,1,2739,172077400,0.0003650967506389193,62824.899598393575
384,4847796,Merkel,1,1003,54593700,0.0009970089730807576,54430.40877367896
385,4848324,Milam,1,710,57381500,0.0014084507042253522,80819.01408450704
386,4848768,Mission,1,35780,2050095100,2.7948574622694243e-05,57297.235885969814
387,4848772,Mission Bend,1,19825,996767500,5.044136191677175e-05,50278.310214375786
388,4851654,Nocona Hills,1,225,18129300,0.0044444444444444444,80574.66666666667
389,4805612,Bardwell,1,311,12690100,0.003215434083601286,40804.18006430868
390,4853130,Oak Point,1,2311,207730800,0.00043271311120726956,89887.84076157508
391,4853388,Odessa,1,58053,3686477500,1.7225638640552597e-05,63501.92927152773
392,4854048,Onalaska,1,1223,77233900,0.0008176614881439084,63151.18560915781
393,4855056,Paradise,1,197,11598200,0.005076142131979695,58874.1116751269
394,4856485,Pecan Hill,1,344,22395600,0.0029069767441860465,65103.48837209302
395,4857800,Piney Point Village,1,1516,527944400,0.0006596306068601583,348248.28496042214
396,4858904,Portland,1,9885,723168000,0.00010116337885685381,73158.11836115326
397,4859012,Post,1,1272,76373100,0.0007861635220125787,60041.74528301887
398,4859132,Pottsboro,1,1287,84653100,0.000777000777000777,65775.52447552448
399,4860188,Quitman,1,819,56566900,0.001221001221001221,69068.25396825396
400,4846500,Manvel,1,5497,415600900,0.00018191740949608878,75605.03911224304
401,4845750,McKinney Acres,1,368,19726400,0.002717391304347826,53604.34782608695
402,4839304,Kingsland,1,3021,255292500,0.00033101621979476995,84505.95829195631
403,4807000,Beaumont,1,53412,3303203100,1.8722384482887742e-05,61843.838463266686
404,4840168,Lacy-Lakeview,1,3689,178387600,0.0002710761724044456,48356.62781241528
405,4840624,Lake Kiowa,1,1129,119215000,0.0008857395925597874,105593.44552701506
406,4807486,Belterra,1,3558,381978600,0.0002810567734682406,107357.67284991569
407,4841188,Lampasas,1,3479,208097500,0.0002874389192296637,59815.32049439494
408,4807408,Bellmead,1,4164,188186200,0.00024015369836695484,45193.61191162344
409,4841440,La Porte,1,17908,1455898600,5.584096493187402e-05,81298.78266696449
410,4841644,Latexo,1,129,6261000,0.007751937984496124,48534.88372093023
411,4841704,Laughlin AFB,1,1583,63316800,0.0006317119393556538,39997.97852179406
412,4807396,Bellevue,1,200,9945800,0.005,49729.0
413,4842568,Liberty,1,3334,202453600,0.00029994001199760045,60723.9352129574
414,4842616,Liberty City,1,1085,65002400,0.0009216589861751152,59910.04608294931
415,4842844,Linden,1,647,34455100,0.0015455950540958269,53253.632148377124
416,4842868,Lindsay,1,597,53785100,0.0016750418760469012,90092.29480737018
417,4807156,Bee Cave,1,4554,553349100,0.00021958717610891525,121508.36627140976
418,4843066,Little River-Academy,1,1208,58855100,0.0008278145695364238,48721.10927152318
419,4843144,Llano,1,1707,89024200,0.0005858230814294083,52152.43116578793
420,4843636,Lone Oak,1,302,14764900,0.0033112582781456954,48890.39735099338
421,4844020,Lorena,1,961,66719400,0.001040582726326743,69427.0551508845
422,4813828,Center Point,1,1096,52526900,0.0009124087591240876,47926.00364963504
423,4844308,Lowry Crossing,1,949,72126600,0.001053740779768177,76002.73972602739
424,4845324,Mabank,1,1873,109339700,0.0005339028296849973,58376.7752269087
425,4844176,Lott,1,479,19617600,0.0020876826722338203,40955.323590814194
